ImageNumber	ObjectNumber	Metadata_FileLocation	Metadata_Frame	Metadata_Series	Metadata_Time	FileName_DNA	FileName_NucleiLabels	PathName_DNA	PathName_NucleiLabels	AreaShape_Area	AreaShape_Center_X	AreaShape_Center_Y	AreaShape_Compactness	AreaShape_ConvexArea	AreaShape_Eccentricity	AreaShape_EquivalentDiameter	AreaShape_EulerNumber	AreaShape_Extent	AreaShape_FormFactor	AreaShape_MajorAxisLength	AreaShape_MaxFeretDiameter	AreaShape_MaximumRadius	AreaShape_MeanRadius	AreaShape_MedianRadius	AreaShape_MinFeretDiameter	AreaShape_MinorAxisLength	AreaShape_Orientation	AreaShape_Perimeter	AreaShape_Solidity	Location_Center_X	Location_Center_Y	Location_Center_Z
2	1	file:/Users/tischer/Documents/training-resources/image_data/nuclei_segmentation_workflow/input/xy_8bit__mitocheck_incenp_t70.tif	0	0	70	xy_8bit__mitocheck_incenp_t70.tif	xy_8bit__mitocheck_incenp_t70_nuclei_labels.tiff	/Users/tischer/Documents/training-resources/image_data/nuclei_segmentation_workflow/input	/Users/tischer/Documents/training-resources/image_data/nuclei_segmentation_workflow/output	2774	191.69718817591925	60.937635183850034	1.3307403275388692	2947	0.5981778755056504	59.43034996611867	1	0.7263681592039801	0.7514614078386314	67.14973119501502	69.6419413859206	24.0	8.837194975837953	8.0	55.304599502343834	53.811333983311435	22.35405361247715	215.37972567696687	0.9412962334577536	191.69718817591925	60.937635183850034	0
2	2	file:/Users/tischer/Documents/training-resources/image_data/nuclei_segmentation_workflow/input/xy_8bit__mitocheck_incenp_t70.tif	0	0	70	xy_8bit__mitocheck_incenp_t70.tif	xy_8bit__mitocheck_incenp_t70_nuclei_labels.tiff	/Users/tischer/Documents/training-resources/image_data/nuclei_segmentation_workflow/input	/Users/tischer/Documents/training-resources/image_data/nuclei_segmentation_workflow/output	2266	44.23300970873787	78.47175639894087	1.358082329053625	2436	0.5777550088824679	53.71369293178304	1	0.6455840455840456	0.7363323847213641	60.79035836301566	64.77653896280658	22.20360331117452	7.901061509911149	7.0710678118654755	51.69353418475146	49.6177127594094	79.42717790702604	196.65180361560903	0.9302134646962233	44.23300970873787	78.47175639894087	0
2	3	file:/Users/tischer/Documents/training-resources/image_data/nuclei_segmentation_workflow/input/xy_8bit__mitocheck_incenp_t70.tif	0	0	70	xy_8bit__mitocheck_incenp_t70.tif	xy_8bit__mitocheck_incenp_t70_nuclei_labels.tiff	/Users/tischer/Documents/training-resources/image_data/nuclei_segmentation_workflow/input	/Users/tischer/Documents/training-resources/image_data/nuclei_segmentation_workflow/output	2045	72.89388753056235	237.72567237163815	4.2804899721760306	2583	0.8434643994842013	51.02719734595863	1	0.5958624708624709	0.23361811533263327	78.33030290069843	79.55501241279521	11.661903789690601	4.040013393161975	3.605551275463989	41.35518765997505	42.077869784300646	-8.274702891489541	331.6639969244288	0.7917150600077429	72.89388753056235	237.72567237163815	0
2	4	file:/Users/tischer/Documents/training-resources/image_data/nuclei_segmentation_workflow/input/xy_8bit__mitocheck_incenp_t70.tif	0	0	70	xy_8bit__mitocheck_incenp_t70.tif	xy_8bit__mitocheck_incenp_t70_nuclei_labels.tiff	/Users/tischer/Documents/training-resources/image_data/nuclei_segmentation_workflow/input	/Users/tischer/Documents/training-resources/image_data/nuclei_segmentation_workflow/output	1469	176.00544588155208	252.23281143635126	1.6049285401918363	1648	0.8933942064207968	43.247992915463186	1	0.6546345811051694	0.6230807010762427	65.92797115977531	65.49045732013177	15.231546211727817	5.660556427531746	5.0	33.0	29.61969872487903	85.64238402062992	172.12489168102786	0.8913834951456311	176.00544588155208	252.23281143635126	0
2	5	file:/Users/tischer/Documents/training-resources/image_data/nuclei_segmentation_workflow/input/xy_8bit__mitocheck_incenp_t70.tif	0	0	70	xy_8bit__mitocheck_incenp_t70.tif	xy_8bit__mitocheck_incenp_t70_nuclei_labels.tiff	/Users/tischer/Documents/training-resources/image_data/nuclei_segmentation_workflow/input	/Users/tischer/Documents/training-resources/image_data/nuclei_segmentation_workflow/output	1654	207.51874244256348	315.72249093107615	1.765868276474761	1886	0.9311568233867091	45.890502361512226	1	0.5038074931465123	0.5662936546979146	78.59357938381085	72.56031973468694	13.892443989449804	5.4945556378642	5.0	30.749588304725314	28.656707482183084	-60.98496133797927	191.58073580374355	0.8769883351007424	207.51874244256348	315.72249093107615	0
